bin,low,high,numu_flux,numubar_flux,nue_flux,nuebar_flux
0,0.0,0.05,6378364.024503231,8442571.13397611,86627.74667160434,17824.92208155684
1,0.05,0.1,27200721.5069831,25933620.324822217,511344.06135797314,60161.434099879116
2,0.1,0.15000000000000002,53724022.40297377,18908714.372553825,1080180.6686473712,112020.39741355926
3,0.15000000000000002,0.2,83498968.27029419,14901295.925061464,1576031.0529698431,145618.65847094357
4,0.2,0.25,123271203.55471826,13614844.800789833,1911562.1659505963,183892.1755785942
5,0.25,0.30000000000000004,170534116.38456345,13449050.535755873,2373018.9000894725,195642.52240237594
6,0.30000000000000004,0.35000000000000003,222715484.30177355,13389727.403158665,2520905.2562653422,228991.27401036024
7,0.35000000000000003,0.4,274576588.2404609,13465371.62667656,2649232.0818415284,291355.3695824146
8,0.4,0.45,332787013.4111843,13767596.952280998,2732051.9259162545,253488.806961596
9,0.45,0.5,407180017.21176434,13948341.918376923,2566936.933930695,242890.39125424623
10,0.5,0.55,505154549.2294531,14016532.191310883,2670710.082537055,256740.06117248535
11,0.55,0.6000000000000001,561554710.8563066,13335114.28797245,2588188.478882849,262491.8922332525
12,0.6000000000000001,0.65,556157566.4390445,13848201.413311958,2449295.45801425,268571.3984282017
13,0.65,0.7000000000000001,519512191.5317278,12707975.368020058,2349917.7410205603,281349.517064929
14,0.7000000000000001,0.75,406649044.5353961,11815275.706471443,2223556.3393599987,239818.9415280819
15,0.75,0.8,288804098.61116934,11234453.648285389,2225932.423892021,235058.6264103651
16,0.8,0.8500000000000001,190462291.3527093,10162640.262712479,2002929.034020543,236253.5272809267
17,0.8500000000000001,0.9,121459759.60212898,8990632.776686192,1742971.0526959896,233801.94217157364
18,0.9,0.9500000000000001,84036482.46430588,8338830.3026742935,1544066.8084647655,227954.0070258379
19,0.9500000000000001,1.0,63290401.762898445,7995649.305726051,1572190.2775921822,224953.88573098183
20,1.0,1.05,50385650.0005188,7736762.108473778,1453069.7569862604,200202.07177340984
21,1.05,1.1,41661445.70780182,6843358.265202522,1173515.03784585,189072.88174676895
22,1.1,1.1500000000000001,36056984.481728554,6288732.245064735,1050712.111636281,198443.9730937481
23,1.1500000000000001,1.2000000000000002,30720128.58303547,5620230.040060997,1036954.5008673668,205131.94793367386
24,1.2000000000000002,1.25,27703365.129730225,5280181.1149663925,953399.4608469009,185633.8691754341
25,1.25,1.3,23549012.8179121,4866299.025716782,845020.0834574699,178254.38748395443
26,1.3,1.35,21587680.529895782,4586858.9117946625,833193.7206652164,177302.5847121477
27,1.35,1.4000000000000001,18893251.189883232,4347827.752791405,722214.751057148,186193.61789560318
28,1.4000000000000001,1.4500000000000002,16922398.350699425,3941961.711572647,686363.3880820274,162370.29030942917
29,1.4500000000000002,1.5,15524732.219670296,3911337.332637787,647673.1590101719,161228.60351347923
30,1.5,1.55,14777564.17996025,3070935.8755464554,602099.6811289787,160843.0354566574
31,1.55,1.6,13417616.449791908,2981331.40914917,623015.620901823,150222.94141674042
32,1.6,1.6500000000000001,12665113.963724136,2875025.0031528473,592316.6667881012,152708.71279907227
33,1.6500000000000001,1.7000000000000002,11553584.75473404,2776868.2272319794,533018.1193418503,145537.9601225853
34,1.7000000000000002,1.75,10585138.960391045,2325710.347964287,539931.1091184616,162337.19036722183
35,1.75,1.8,10009864.94965458,2352652.372284889,548293.3192532063,142820.67514896393
36,1.8,1.85,8973514.117526054,2356139.29299736,504977.52143120766,139928.8040547371
37,1.85,1.9000000000000001,8851748.427149773,2345856.5634584427,537526.4472939968,131902.06832122803
38,1.9000000000000001,1.9500000000000002,8096449.810383797,2229260.0085725784,484572.9978504181,137232.86562728882
39,1.9500000000000002,2.0,8212824.401273727,1958589.827498436,478803.7959110737,120459.82448410988
40,2.0,2.0500000000000003,7771279.25369072,1819606.5200796127,445779.3262667656,120330.41556215286
41,2.0500000000000003,2.1,7289705.46583271,1554256.1068553925,439536.8858678341,121969.21506428719
42,2.1,2.15,7107872.6948452,1665622.4198207855,421691.69706368446,115448.01222157478
43,2.15,2.2,6728160.619949341,1594917.3712511063,424435.2371582985,113577.51009273529
44,2.2,2.25,6483336.15907383,1366483.5366668701,414279.64267754555,106872.06071329117
45,2.25,2.3000000000000003,6305333.490740776,1364538.4000854492,399209.60920906067,99314.70352768898
46,2.3000000000000003,2.35,5825139.111996651,1405989.2110347748,389972.8505587578,102859.26990032196
47,2.35,2.4000000000000004,5868331.010724068,1334956.7120437622,369590.8790593147,92206.9092361927
48,2.4000000000000004,2.45,5978485.474776268,1044141.9143505096,371780.5998249054,94545.66528773308
49,2.45,2.5,5701247.952454567,1237243.9684171677,349484.0179145336,93872.5018529892
50,2.5,2.5500000000000003,5197070.6700258255,1150483.6987276077,333279.6409332752,101914.04601764679
51,2.5500000000000003,2.6,5072270.53387928,1062843.8921804428,338046.2407608032,83988.21230387688
52,2.6,2.6500000000000004,5033361.1375494,1042433.8628406525,334719.34796595573,84464.84691953659
53,2.6500000000000004,2.7,4873244.9535923,913670.9825057983,327046.5595321655,81372.14376831055
54,2.7,2.75,4997832.418638229,994507.0215482712,301842.4950942993,82558.42638278008
55,2.75,2.8000000000000003,4749931.808016777,1099192.3382797241,314355.36106204987,78212.5390985012
56,2.8000000000000003,2.85,4815789.073530197,888273.3568716049,288427.29412555695,71212.80099201202
57,2.85,2.9000000000000004,4436389.841091156,649845.0348768234,281168.30441999435,70919.83345723152
58,2.9000000000000004,2.95,4350669.398103714,718484.9143447876,257703.99343061447,74015.87671494484
59,2.95,3.0,4616841.7584581375,738237.7193164825,252124.82144618034,65731.03872132301
60,3.0,3.0500000000000003,4408507.472056389,665319.7726898193,252549.91690516472,66216.33428311348
61,3.0500000000000003,3.1,4209257.043384552,643900.4937200546,234575.93404889107,68534.94712293148
62,3.1,3.1500000000000004,4292579.659467697,738260.8796834946,232941.29453873634,64082.74544095993
63,3.1500000000000004,3.2,4128526.570622444,621623.2041740417,223202.38807868958,58935.83186733723
64,3.2,3.25,4056019.604406357,619874.1692008972,220146.36141109467,58656.70394825935
65,3.25,3.3000000000000003,3911381.283402443,614744.2436408997,205550.15935266018,54804.25800323486
66,3.3000000000000003,3.35,3984176.1220970154,686310.9735240936,203064.57624053955,54887.6255453825
67,3.35,3.4000000000000004,3975293.9079885483,635264.1963701248,191905.87761199474,52296.32415962219
68,3.4000000000000004,3.45,3861471.5599832535,440541.6103954315,187649.5060750246,54480.894481897354
69,3.45,3.5,3974412.106924057,511437.5546951294,182986.89323425293,51330.83553612232
70,3.5,3.5500000000000003,3888280.9627542496,452862.7746486664,175626.79938709736,47973.249572873116
71,3.5500000000000003,3.6,3749591.9545021057,479542.0850830078,158751.84271609783,46047.17423963547
72,3.6,3.6500000000000004,3715992.037168503,411892.1219482422,156250.69338595867,46092.55859041214
73,3.6500000000000004,3.7,3721577.554362297,365605.88066482544,147992.4858788252,43728.04443728924
74,3.7,3.75,3622517.4624614716,465499.28914260864,146458.86571073532,42477.445565104485
75,3.75,3.8000000000000003,3628821.764526367,432565.533993721,139950.8370039463,40459.0198700428
76,3.8000000000000003,3.85,3742506.2500572205,390901.90270900726,133524.96269738674,38255.94301736355
77,3.85,3.9000000000000004,3464957.9035692215,352573.987493515,132786.42811393738,40259.74105644226
78,3.9000000000000004,3.95,3425637.769710541,262758.7004480362,118817.57594561577,34982.4390283823
79,3.95,4.0,3527146.8381996155,371065.431139946,113535.09759831429,34025.376500964165
80,4.0,4.05,3369241.413836479,385945.4472169876,114535.57641816139,36786.28318607807
81,4.05,4.1000000000000005,3392319.455749035,319272.70435523987,108542.08517193794,33162.42432141304
82,4.1000000000000005,4.15,3235454.180879593,359306.76861763,106036.75253415108,33190.27889096737
83,4.15,4.2,3297425.7176504135,301360.20386600494,102003.52691042423,32994.3815407753
84,4.2,4.25,3077525.4283685684,326024.0518255234,98216.8157582283,30919.791305303574
85,4.25,4.3,3082640.7741146088,313095.17627716064,101207.30386734009,32020.909476995468
86,4.3,4.3500000000000005,2995366.1828250885,253170.45658683777,93618.81419205666,36576.74055933952
87,4.3500000000000005,4.4,2966742.8974866867,305854.57653331757,80719.8286743164,25501.46808719635
88,4.4,4.45,2862046.5232105255,342386.7515230179,80864.70550942421,25738.074039697647
89,4.45,4.5,2822602.5946598053,237836.27015399933,75194.20583081245,24332.066618442535
90,4.5,4.55,2750670.3648576736,239007.07264232635,79085.08163547516,26875.618234872818
91,4.55,4.6000000000000005,2621830.9144439697,211346.22916030884,70986.66137051582,23434.391094207764
92,4.6000000000000005,4.65,2639820.873292923,243020.1834383011,68580.22710967064,23773.187500715256
93,4.65,4.7,2545893.767903328,167910.0466451645,68844.80379605293,22409.871571540833
94,4.7,4.75,2420182.0525951385,191201.5385427475,65601.62011265755,22826.657680273056
95,4.75,4.800000000000001,2281076.193561554,201125.92565441132,61758.05955982208,20584.52748441696
96,4.800000000000001,4.8500000000000005,2247429.8159656525,204328.83050060272,58972.9974963665,21064.271455287933
97,4.8500000000000005,4.9,2248527.578737259,195055.58914661407,62849.962119817734,22863.726618528366
98,4.9,4.95,2057340.21454525,157349.59350585938,53519.549050569534,19083.263816595078
99,4.95,5.0,1970899.3626642227,178010.35239124298,54809.01874804497,19571.27131175995
100,5.0,5.050000000000001,1920613.466375351,191217.01502418518,52109.97279596329,18021.068650484085
101,5.050000000000001,5.1000000000000005,1737060.3044099808,110013.58962059021,51236.13823533058,17905.33007454872
102,5.1000000000000005,5.15,1782896.6187429428,170986.1394443512,48444.2609975338,17593.039787769318
103,5.15,5.2,1677782.6113996506,148148.26327705383,48483.693393707275,17652.825242996216
104,5.2,5.25,1646490.8489294052,210074.4454021454,44537.02857089043,15901.18028473854
105,5.25,5.300000000000001,1569074.7388038635,114401.69036483765,43254.60716843605,17752.73693752289
106,5.300000000000001,5.3500000000000005,1545191.7452487946,98116.00220108032,41598.86477184296,16331.503935098648
107,5.3500000000000005,5.4,1457815.80610466,138415.7777557373,38973.31135439873,12912.842565059662
108,5.4,5.45,1452327.465789795,155776.46264076233,38850.64536857605,14252.869492053986
109,5.45,5.5,1319320.0365028381,111957.67993736267,32119.509957790375,10840.34664773941
110,5.5,5.550000000000001,1333984.3083324432,112647.04008102417,34202.70803642273,12532.637265920639
111,5.550000000000001,5.6000000000000005,1323002.5449295044,123797.06009674072,32297.683017253876,11985.363154411316
112,5.6000000000000005,5.65,1251350.574163437,141948.2177066803,33235.662847042084,12651.110906124115
113,5.65,5.7,1179323.3524417877,167030.56937408447,31077.64458632469,12392.15510225296
114,5.7,5.75,1193256.3896121979,113822.97915649414,28805.760138988495,11369.63825249672
115,5.75,5.800000000000001,1126616.4373455048,101573.1625213623,29719.40512228012,11220.286335468292
116,5.800000000000001,5.8500000000000005,1123492.488494873,174447.52387809753,25469.690737485886,9501.645921468735
117,5.8500000000000005,5.9,1016268.953464508,106996.53312683105,27645.446892261505,10109.888643026352
118,5.9,5.95,1023828.2992744446,121562.49373245239,27359.086925029755,11074.623938083649
119,5.95,6.0,1002777.8869132996,119461.9279384613,25129.538917541504,9035.457992076874
120,6.0,6.050000000000001,980030.4301013947,84357.7612915039,25526.031761169434,10097.934069633484
121,6.050000000000001,6.1000000000000005,921792.7000865936,57123.662311553955,22855.315989494324,8410.023444652557
122,6.1000000000000005,6.15,911289.0217285156,111321.8056678772,25309.112952709198,10144.380232334137
123,6.15,6.2,917863.6694850922,51589.966636657715,23248.28184890747,9351.031606197357
124,6.2,6.25,849739.2882118225,116047.59422111511,20707.308405399323,6816.73680973053
125,6.25,6.300000000000001,825338.5377902985,75637.67873382568,19372.53346014023,7011.564091205597
126,6.300000000000001,6.3500000000000005,827198.9802837372,59395.863189697266,20592.336505413055,7695.376750469208
127,6.3500000000000005,6.4,789971.2334346771,46411.687744140625,19607.655143260956,8548.203547477722
128,6.4,6.45,788656.30626297,74977.1538066864,18143.29902458191,7147.513741016388
129,6.45,6.5,762613.4070415497,45438.20610809326,18106.012712478638,7175.778681278229
130,6.5,6.550000000000001,733698.4855957031,46694.35356903076,15865.999036312103,6002.639492034912
131,6.550000000000001,6.6000000000000005,657380.1822662354,48995.764430999756,16482.498299598694,6571.0774269104
132,6.6000000000000005,6.65,671543.0055561066,95882.08341407776,17470.74663591385,7021.495151519775
133,6.65,6.7,728227.6015663147,90514.87745285034,15047.296238422394,6269.009546756744
134,6.7,6.75,638963.4749794006,38969.00415992737,14938.212371349335,5014.5613741874695
135,6.75,6.800000000000001,592306.6251029968,51163.04639625549,16289.25028181076,8070.836889743805
136,6.800000000000001,6.8500000000000005,593502.3171234131,38645.182846069336,13344.728403568268,5323.8837513923645
137,6.8500000000000005,6.9,570272.1321659088,37744.48245048523,18191.832545757294,8383.235618114471
138,6.9,6.95,651315.2988529205,46242.9985332489,12264.099900722504,5102.236916065216
139,6.95,7.0,553175.0388183594,48575.323612213135,14839.190004348755,7932.462673187256
140,7.0,7.050000000000001,557393.9617576599,67360.91704940796,11040.297719955444,4480.788920879364
141,7.050000000000001,7.1000000000000005,520595.13168525696,40123.132148742676,10152.350179195404,3962.3642320632935
142,7.1000000000000005,7.15,523371.1109237671,62338.34917449951,12072.537700653076,4894.274889945984
143,7.15,7.2,471250.59421920776,37129.04331970215,10705.385348320007,4517.399147033691
144,7.2,7.25,479344.6729888916,32580.775661468506,10559.909850120544,4543.1066818237305
145,7.25,7.300000000000001,438875.74343299866,31804.92879486084,10801.689974784851,5127.924382209778
146,7.300000000000001,7.3500000000000005,491316.6094970703,62037.11587905884,9993.005704402924,4603.300004005432
147,7.3500000000000005,7.4,470782.6839828491,35603.25180053711,9861.522890090942,4290.5785365104675
148,7.4,7.45,437305.2146549225,30878.85627746582,9177.131624221802,3752.1464500427246
149,7.45,7.5,431808.55765914917,32128.58443069458,10105.001765727997,4731.870773792267
150,7.5,7.550000000000001,419028.6478424072,27921.29887008667,8764.771897792816,3439.9010314941406
151,7.550000000000001,7.6000000000000005,396470.54302215576,30182.606826782227,7652.564683437347,2419.5474305152893
152,7.6000000000000005,7.65,408644.8396720886,26926.28515625,7699.725903511047,3810.0794472694397
153,7.65,7.7,401232.41273880005,27468.57841873169,8431.86538887024,3890.503523349762
154,7.7,7.75,383558.7583389282,27723.053630828857,8661.546915531158,3838.2801370620728
155,7.75,7.800000000000001,371189.7494812012,24988.26544189453,8846.811451911926,4299.627786159515
156,7.800000000000001,7.8500000000000005,346803.11973953247,27157.1512260437,7201.8708572387695,3354.336696624756
157,7.8500000000000005,7.9,339818.3704986572,29044.91665649414,6620.37540769577,3518.7155470848083
158,7.9,7.95,350130.3293457031,29647.158447265625,5001.534309387207,2095.838809967041
159,7.95,8.0,311919.8914718628,30591.62244796753,6668.895472049713,2833.7542037963867
160,8.0,8.05,288435.78089523315,21274.46702194214,6904.435636043549,2592.100576877594
161,8.05,8.1,308833.4452133179,22050.088901519775,4222.329485416412,1928.4165840148926
162,8.1,8.15,312222.8372192383,21021.696685791016,5952.260259628296,2969.092568874359
163,8.15,8.200000000000001,282953.9087715149,22138.376529693604,5656.280025959015,2293.8998017311096
164,8.200000000000001,8.25,279337.325088501,22630.163635253906,6180.150642871857,3161.8474946022034
165,8.25,8.3,267143.22986221313,52441.80107116699,4386.357862949371,2577.436502456665
166,8.3,8.35,262989.3283729553,53219.7057762146,4205.902963638306,616.485357761383
167,8.35,8.4,284569.9928665161,22224.059455871582,5634.315048217773,3119.8924646377563
168,8.4,8.450000000000001,261027.90454101562,20776.35319519043,3892.9131813049316,1068.352063179016
169,8.450000000000001,8.5,279983.0732803345,14733.672382354736,4840.036252975464,1734.0071601867676
170,8.5,8.55,223695.35976409912,15197.787979125977,3814.3359899520874,1829.4259700775146
171,8.55,8.6,231358.96808242798,17015.964233398438,3286.3074836730957,613.9575300216675
172,8.6,8.65,241672.14612197876,24009.788078308105,3857.9537992477417,2567.5169973373413
173,8.65,8.700000000000001,247212.46256637573,21952.445377349854,3280.54092502594,1510.3894958496094
174,8.700000000000001,8.75,226474.0909767151,18447.84814453125,3923.519419670105,1939.411521911621
175,8.75,8.8,195609.62399673462,19736.677444458008,4545.448115348816,1954.8309783935547
176,8.8,8.85,203133.5104522705,13878.482849121094,3988.6779956817627,1854.6856813430786
177,8.85,8.9,195557.03007507324,18385.756267547607,4311.155571937561,2233.2600355148315
178,8.9,8.950000000000001,188571.1841621399,17849.459838867188,2614.6725692749023,1121.518232345581
179,8.950000000000001,9.0,190673.10287094116,20216.48699951172,2150.446032524109,361.69544887542725
180,9.0,9.05,181745.8051071167,17478.76662826538,3456.5286922454834,1395.4188022613525
181,9.05,9.1,163945.18392562866,16680.91943359375,3871.506296157837,1739.7460279464722
182,9.1,9.15,179016.44640731812,17152.221649169922,1993.3999185562134,252.59144592285156
183,9.15,9.200000000000001,187637.16562271118,9795.67259979248,2991.0978355407715,1176.7129535675049
184,9.200000000000001,9.25,153219.32376480103,11569.171478271484,2196.7582845687866,383.9748363494873
185,9.25,9.3,147778.99032592773,55424.21025085449,2597.0233221054077,805.407205581665
186,9.3,9.35,145966.79796600342,11947.47900390625,2575.938982963562,1201.4891204833984
187,9.35,9.4,152568.0134048462,12467.37395477295,2345.3035621643066,1245.289288520813
188,9.4,9.450000000000001,155036.58310699463,9054.928657531738,2396.5689010620117,1090.2276334762573
189,9.450000000000001,9.5,144489.18913650513,13714.200134277344,2080.974573135376,1378.1321563720703
190,9.5,9.55,138200.23946380615,9312.114456176758,1791.5190725326538,1209.177809715271
191,9.55,9.600000000000001,136391.8519630432,8231.357391357422,2267.6982526779175,1524.0416259765625
192,9.600000000000001,9.65,139589.55741882324,10111.974784851074,2036.9287567138672,1356.6267948150635
193,9.65,9.700000000000001,128768.62938308716,14393.478889465332,2302.188217163086,907.6849327087402
194,9.700000000000001,9.75,138118.49057006836,11970.076278686523,2329.835645675659,1287.6403198242188
195,9.75,9.8,136072.6870803833,9250.59521484375,1985.4420490264893,1093.1519012451172
196,9.8,9.850000000000001,114996.84758758545,6285.4189453125,1600.9202194213867,1210.7074909210205
197,9.850000000000001,9.9,113131.163646698,10590.242614746094,2423.7936601638794,806.8732013702393
198,9.9,9.950000000000001,113341.12813568115,10634.466003417969,1933.8178262710571,1005.9910573959351
199,9.950000000000001,10.0,108123.05535888672,10137.869983673096,1768.9454326629639,743.4414138793945
200,10.0,10.05,124686.27628326416,10892.540832519531,916.8920612335205,249.03385734558105
201,10.05,10.100000000000001,106901.71361541748,8801.237426757812,1254.710680961609,92.65031433105469
202,10.100000000000001,10.15,95689.96315002441,8237.55574798584,1659.9892654418945,782.9209289550781
203,10.15,10.200000000000001,93798.12361526489,5993.843322753906,2414.223217010498,1293.5868911743164
204,10.200000000000001,10.25,94682.93671417236,6884.698989868164,551.7770318984985,122.47794246673584
205,10.25,10.3,89463.35038375854,6096.517639160156,1113.704493522644,555.4361114501953
206,10.3,10.350000000000001,88753.47401428223,8819.811340332031,1819.478991508484,727.6438655853271
207,10.350000000000001,10.4,86050.56371307373,3891.6011962890625,1249.6434173583984,675.4581298828125
208,10.4,10.450000000000001,74969.02024841309,7866.620666503906,1624.3585147857666,947.8727025985718
209,10.450000000000001,10.5,77344.80902862549,6344.685607910156,417.08481311798096,0.0
210,10.5,10.55,84932.33093261719,4876.226219177246,923.6513423919678,222.04830169677734
211,10.55,10.600000000000001,86088.75372314453,5202.9747314453125,485.6279830932617,0.0
212,10.600000000000001,10.65,77627.3143157959,4904.466979980469,978.5156621932983,621.3673706054688
213,10.65,10.700000000000001,64418.09868621826,3296.9039306640625,732.1338577270508,564.3077602386475
214,10.700000000000001,10.75,83166.21719360352,4091.8496704101562,1136.084439277649,448.84596157073975
215,10.75,10.8,67171.80767822266,5039.690856933594,1146.9002828598022,436.879150390625
216,10.8,10.850000000000001,93257.16366577148,6773.89306640625,727.8040943145752,0.0
217,10.850000000000001,10.9,61826.11033630371,2569.14697265625,1331.7632656097412,557.8509521484375
218,10.9,10.950000000000001,66532.41179656982,4320.989929199219,541.8829898834229,13.700478553771973
219,10.950000000000001,11.0,75352.82722473145,7329.797332763672,985.5203170776367,97.00749206542969
220,11.0,11.05,49309.35159301758,5272.141418457031,567.8723106384277,101.5857162475586
221,11.05,11.100000000000001,66892.72898101807,5323.5181884765625,517.4705066680908,209.21897315979004
222,11.100000000000001,11.15,58431.27503967285,3580.8203735351562,714.1771850585938,548.3068380355835
223,11.15,11.200000000000001,48763.929931640625,1809.8980712890625,311.04119873046875,0.0
224,11.200000000000001,11.25,60650.94837188721,4998.248687744141,492.4180603027344,100.71556854248047
225,11.25,11.3,59974.10966491699,923.0107421875,768.4428939819336,406.9649314880371
226,11.3,11.350000000000001,54833.562103271484,1854.4068603515625,364.6440258026123,126.053635597229
227,11.350000000000001,11.4,48666.833557128906,2799.680908203125,755.073489189148,509.29156494140625
228,11.4,11.450000000000001,44345.80108642578,3772.843017578125,1455.2790870666504,864.3812665939331
229,11.450000000000001,11.5,44746.09729003906,4763.894592285156,112.57582092285156,229.92346096038818
230,11.5,11.55,37559.5209274292,6724.670227050781,686.5130615234375,577.2048950195312
231,11.55,11.600000000000001,51342.99658203125,969.736083984375,428.10023498535156,0.0
232,11.600000000000001,11.65,43006.098083496094,8803.371887207031,498.81671142578125,139.57510375976562
233,11.65,11.700000000000001,41409.92987060547,1966.509765625,1116.933494567871,955.9336166381836
234,11.700000000000001,11.75,38854.81930541992,998.3435668945312,1007.5581893920898,478.32269287109375
235,11.75,11.8,41097.259033203125,1003.4763793945312,669.693941116333,439.6857671737671
236,11.8,11.850000000000001,35393.63562011719,3035.8673706054688,235.3888702392578,0.0
237,11.850000000000001,11.9,41807.515869140625,4080.633056640625,462.7805938720703,0.0
238,11.9,11.950000000000001,43214.693359375,7199.888916015625,361.7743225097656,104.83096313476562
239,11.950000000000001,12.0,53013.429443359375,4151.7374267578125,336.35037994384766,32.710458755493164
240,12.0,12.05,39848.35983276367,2092.43896484375,0.0,0.0
241,12.05,12.100000000000001,37954.75830078125,0.0,790.7143325805664,469.37091064453125
242,12.100000000000001,12.15,28677.336791992188,2121.0015869140625,123.62456512451172,0.0
243,12.15,12.200000000000001,28955.687255859375,6434.3824462890625,0.0,33.89350700378418
244,12.200000000000001,12.25,35665.810791015625,2165.222412109375,164.2937469482422,17.175334930419922
245,12.25,12.3,39234.09228515625,3270.348876953125,279.5472106933594,0.0
246,12.3,12.350000000000001,34053.219970703125,2197.2650146484375,356.2224349975586,0.0
247,12.350000000000001,12.4,27690.24658203125,5533.9425048828125,120.51668548583984,0.0
248,12.4,12.450000000000001,18963.729858398438,1119.07763671875,159.1421298980713,0.0
249,12.450000000000001,12.5,20250.261840820312,3374.89990234375,200.8401107788086,0.0
250,12.5,12.55,32923.700927734375,2269.0450439453125,190.25418090820312,239.8234806060791
251,12.55,12.600000000000001,28597.854614257812,1146.503173828125,245.47399139404297,0.0
252,12.600000000000001,12.65,26632.757026672363,2305.1883544921875,106.39727020263672,0.0
253,12.65,12.700000000000001,30224.522705078125,2327.0706787109375,18.464073181152344,0.0
254,12.700000000000001,12.75,21064.962890625,4686.3297119140625,750.6090393066406,524.3727416992188
255,12.75,12.8,23708.052337646484,2361.3619384765625,186.70879554748535,153.8849639892578
256,12.8,12.850000000000001,27493.787719726562,2374.3563232421875,313.55944061279297,0.0
257,12.850000000000001,12.9,28778.81298828125,1200.0213623046875,0.0,19.02798080444336
258,12.9,12.950000000000001,22951.9248046875,1209.6373291015625,0.0,0.0
259,12.950000000000001,13.0,15827.793701171875,2432.3934326171875,341.20984840393066,38.68173408508301
260,13.0,13.05,15964.288208007812,1230.753662109375,0.0,0.0
261,13.05,13.100000000000001,14842.966674804688,2467.099853515625,19.555500030517578,0.0
262,13.100000000000001,13.15,19939.487060546875,1241.490478515625,160.32723808288574,0.0
263,13.15,13.200000000000001,35143.81628417969,3763.763427734375,140.11012268066406,19.889904022216797
264,13.200000000000001,13.25,13906.982788085938,3796.871337890625,0.0,0.0
265,13.25,13.3,12755.916748046875,1273.3277587890625,111.65856170654297,0.0
266,13.3,13.350000000000001,11555.819580078125,1280.159423828125,40.57367134094238,0.0
267,13.350000000000001,13.4,16839.237060546875,1296.0859375,144.2438507080078,0.0
268,13.4,13.450000000000001,19550.434326171875,3904.890869140625,181.89419555664062,20.659202575683594
269,13.450000000000001,13.5,17072.952514648438,2623.448486328125,0.0,0.0
270,13.5,13.55,19951.22469329834,2640.062255859375,152.1579132080078,0.0
271,13.55,13.600000000000001,14665.83544921875,0.0,0.0,0.0
272,13.600000000000001,13.65,18804.209228515625,1339.514892578125,140.40846252441406,0.0
273,13.65,13.700000000000001,24355.921997070312,2702.579345703125,21.36579132080078,0.0
274,13.700000000000001,13.75,17698.390258789062,0.0,118.83116912841797,0.0
275,13.75,13.8,20571.884521484375,2743.4249267578125,0.0,0.0
276,13.8,13.850000000000001,9688.338500976562,2768.209716796875,181.94107055664062,0.0
277,13.850000000000001,13.9,11122.367431640625,5579.921875,547.0687866210938,547.0687866210938
278,13.9,13.950000000000001,16814.516967773438,0.0,0.0,0.0
279,13.950000000000001,14.0,12708.866821289062,0.0,0.0,0.0
280,14.0,14.05,11376.929443359375,1421.6114501953125,679.3609008789062,679.3609008789062
281,14.05,14.100000000000001,11465.136474609375,1435.14697265625,0.0,0.0
282,14.100000000000001,14.15,15894.584594726562,0.0,0.0,0.0
283,14.15,14.200000000000001,11631.8857421875,4364.1180419921875,0.0,0.0
284,14.200000000000001,14.25,13168.36474609375,0.0,0.0,0.0
285,14.25,14.3,8836.137329101562,0.0,23.381736755371094,0.0
286,14.3,14.350000000000001,8903.259033203125,1484.17431640625,0.0,0.0
287,14.350000000000001,14.4,14940.3623046875,0.0,0.0,0.0
288,14.4,14.450000000000001,7515.3701171875,0.0,139.730224609375,0.0
289,14.450000000000001,14.5,13625.691162109375,0.0,134.1674346923828,24.004209518432617
290,14.5,14.55,12221.994384765625,1524.2108154296875,0.0,0.0
291,14.55,14.600000000000001,6143.789794921875,0.0,0.0,0.0
292,14.600000000000001,14.65,7743.7353515625,0.0,0.0,0.0
293,14.65,14.700000000000001,9339.367797851562,1552.851318359375,0.0,0.0
294,14.700000000000001,14.75,7830.9742431640625,0.0,0.0,0.0
295,14.75,14.8,4745.0457763671875,0.0,25.022140502929688,0.0
296,14.8,14.850000000000001,4768.5032958984375,0.0,0.0,0.0
297,14.850000000000001,14.9,12815.118774414062,0.0,0.0,0.0
298,14.9,14.950000000000001,3220.4974365234375,1607.037353515625,0.0,0.0
299,14.950000000000001,15.0,4865.4720458984375,0.0,0.0,0.0
300,15.0,15.05,9797.814575195312,3267.389404296875,136.73133850097656,0.0
301,15.05,15.100000000000001,9846.592041015625,0.0,0.0,0.0
302,15.100000000000001,15.15,8265.340698242188,0.0,161.23151779174805,0.0
303,15.15,15.200000000000001,0.0,1666.1259765625,0.0,0.0
304,15.200000000000001,15.25,13420.38720703125,0.0,0.0,0.0
305,15.25,15.3,8455.28564453125,0.0,0.0,0.0
306,15.3,15.350000000000001,5092.2904052734375,0.0,0.0,0.0
307,15.350000000000001,15.4,3417.98583984375,1709.5185546875,0.0,0.0
308,15.4,15.450000000000001,3433.7305908203125,0.0,891.3314208984375,891.3314208984375
309,15.450000000000001,15.5,5199.3880615234375,0.0,0.0,0.0
310,15.5,15.55,8723.15380859375,0.0,0.0,0.0
311,15.55,15.600000000000001,12290.03271484375,1749.506591796875,142.751708984375,0.0
312,15.600000000000001,15.65,3525.5277099609375,1770.356201171875,0.0,0.0
313,15.65,15.700000000000001,5321.9718017578125,0.0,0.0,0.0
314,15.700000000000001,15.75,7160.11328125,0.0,0.0,0.0
315,15.75,15.8,3598.6878662109375,0.0,0.0,0.0
316,15.8,15.850000000000001,3619.2738037109375,0.0,0.0,0.0
317,15.850000000000001,15.9,1820.848388671875,0.0,0.0,0.0
318,15.9,15.950000000000001,1833.5203857421875,0.0,0.0,0.0
319,15.950000000000001,16.0,3684.9793701171875,0.0,0.0,0.0
320,16.0,16.05,3721.90380859375,0.0,0.0,0.0
321,16.05,16.1,3738.7669677734375,0.0,0.0,0.0
322,16.1,16.150000000000002,3768.6156005859375,0.0,0.0,0.0
323,16.150000000000002,16.2,3781.2550048828125,0.0,0.0,0.0
324,16.2,16.25,5717.5865478515625,0.0,0.0,0.0
325,16.25,16.3,1918.135498046875,0.0,0.0,0.0
326,16.3,16.35,5785.29296875,1928.87353515625,0.0,0.0
327,16.35,16.400000000000002,11648.980590820312,0.0,0.0,0.0
328,16.400000000000002,16.45,3904.532958984375,0.0,0.0,0.0
329,16.45,16.5,3924.51513671875,0.0,0.0,0.0
330,16.5,16.55,1978.26171875,0.0,0.0,0.0
331,16.55,16.6,0.0,0.0,0.0,0.0
332,16.6,16.650000000000002,2003.04345703125,0.0,0.0,0.0
333,16.650000000000002,16.7,0.0,0.0,800.9812622070312,800.9812622070312
334,16.7,16.75,2021.2777099609375,0.0,0.0,0.0
335,16.75,16.8,0.0,0.0,0.0,0.0
336,16.8,16.85,0.0,0.0,0.0,0.0
337,16.85,16.900000000000002,6177.414306640625,0.0,0.0,0.0
338,16.900000000000002,16.95,2067.306396484375,0.0,0.0,0.0
339,16.95,17.0,0.0,0.0,0.0,0.0
340,17.0,17.05,4195.564697265625,0.0,0.0,0.0
341,17.05,17.1,4214.867431640625,0.0,0.0,0.0
342,17.1,17.150000000000002,0.0,0.0,0.0,0.0
343,17.150000000000002,17.2,2136.845703125,0.0,0.0,0.0
344,17.2,17.25,0.0,0.0,0.0,0.0
345,17.25,17.3,0.0,0.0,0.0,0.0
346,17.3,17.35,0.0,0.0,0.0,0.0
347,17.35,17.400000000000002,2181.423095703125,0.0,0.0,0.0
348,17.400000000000002,17.45,2194.323486328125,0.0,0.0,0.0
349,17.45,17.5,0.0,0.0,0.0,0.0
350,17.5,17.55,0.0,0.0,0.0,0.0
351,17.55,17.6,0.0,0.0,0.0,0.0
352,17.6,17.650000000000002,0.0,0.0,0.0,0.0
353,17.650000000000002,17.7,0.0,0.0,0.0,0.0
354,17.7,17.75,2268.256103515625,0.0,0.0,0.0
355,17.75,17.8,4560.499267578125,0.0,0.0,0.0
356,17.8,17.85,2294.25146484375,0.0,0.0,0.0
357,17.85,17.900000000000002,0.0,0.0,0.0,0.0
358,17.900000000000002,17.95,0.0,0.0,0.0,0.0
359,17.95,18.0,0.0,0.0,0.0,0.0
360,18.0,18.05,0.0,0.0,0.0,0.0
361,18.05,18.1,2364.720703125,0.0,0.0,0.0
362,18.1,18.150000000000002,0.0,2381.837158203125,0.0,0.0
363,18.150000000000002,18.2,2384.744140625,0.0,0.0,0.0
364,18.2,18.25,0.0,0.0,0.0,0.0
365,18.25,18.3,0.0,0.0,0.0,0.0
366,18.3,18.35,0.0,0.0,0.0,0.0
367,18.35,18.400000000000002,0.0,0.0,0.0,0.0
368,18.400000000000002,18.45,0.0,0.0,0.0,0.0
369,18.45,18.5,0.0,0.0,0.0,0.0
370,18.5,18.55,2487.138916015625,0.0,0.0,0.0
371,18.55,18.6,0.0,0.0,0.0,0.0
372,18.6,18.650000000000002,0.0,0.0,0.0,0.0
373,18.650000000000002,18.7,2520.283203125,0.0,0.0,0.0
374,18.7,18.75,0.0,0.0,0.0,0.0
375,18.75,18.8,0.0,0.0,0.0,0.0
376,18.8,18.85,0.0,0.0,0.0,0.0
377,18.85,18.900000000000002,0.0,0.0,0.0,0.0
378,18.900000000000002,18.95,0.0,0.0,0.0,0.0
379,18.95,19.0,0.0,0.0,0.0,0.0
380,19.0,19.05,0.0,0.0,0.0,0.0
381,19.05,19.1,0.0,0.0,0.0,0.0
382,19.1,19.150000000000002,0.0,0.0,0.0,0.0
383,19.150000000000002,19.200000000000003,2657.515869140625,0.0,0.0,0.0
384,19.200000000000003,19.25,0.0,0.0,0.0,0.0
385,19.25,19.3,0.0,0.0,0.0,0.0
386,19.3,19.35,0.0,0.0,0.0,0.0
387,19.35,19.400000000000002,0.0,0.0,0.0,0.0
388,19.400000000000002,19.450000000000003,0.0,0.0,0.0,0.0
389,19.450000000000003,19.5,0.0,0.0,0.0,0.0
390,19.5,19.55,0.0,0.0,0.0,0.0
391,19.55,19.6,0.0,0.0,0.0,0.0
392,19.6,19.650000000000002,2785.257080078125,2780.473876953125,0.0,0.0
393,19.650000000000002,19.700000000000003,0.0,0.0,0.0,0.0
394,19.700000000000003,19.75,0.0,0.0,0.0,0.0
395,19.75,19.8,0.0,0.0,0.0,0.0
396,19.8,19.85,0.0,0.0,0.0,0.0
397,19.85,19.900000000000002,2850.342041015625,0.0,0.0,0.0
398,19.900000000000002,19.950000000000003,0.0,0.0,0.0,0.0
399,19.950000000000003,20.0,0.0,0.0,0.0,0.0
400,20.0,20.05,0.0,0.0,0.0,0.0
401,20.05,20.1,0.0,0.0,0.0,0.0
402,20.1,20.150000000000002,0.0,0.0,0.0,0.0
403,20.150000000000002,20.200000000000003,0.0,0.0,0.0,0.0
404,20.200000000000003,20.25,0.0,0.0,0.0,0.0
405,20.25,20.3,0.0,0.0,0.0,0.0
406,20.3,20.35,0.0,0.0,0.0,0.0
407,20.35,20.400000000000002,0.0,0.0,0.0,0.0
408,20.400000000000002,20.450000000000003,0.0,0.0,0.0,0.0
409,20.450000000000003,20.5,0.0,0.0,0.0,0.0
410,20.5,20.55,0.0,0.0,0.0,0.0
411,20.55,20.6,0.0,0.0,0.0,0.0
412,20.6,20.650000000000002,0.0,0.0,0.0,0.0
413,20.650000000000002,20.700000000000003,0.0,0.0,0.0,0.0
414,20.700000000000003,20.75,0.0,0.0,0.0,0.0
415,20.75,20.8,0.0,0.0,0.0,0.0
416,20.8,20.85,0.0,0.0,0.0,0.0
417,20.85,20.900000000000002,0.0,0.0,0.0,0.0
418,20.900000000000002,20.950000000000003,0.0,0.0,0.0,0.0
419,20.950000000000003,21.0,0.0,0.0,0.0,0.0
420,21.0,21.05,0.0,0.0,0.0,0.0
421,21.05,21.1,0.0,0.0,0.0,0.0
422,21.1,21.150000000000002,0.0,0.0,0.0,0.0
423,21.150000000000002,21.200000000000003,0.0,0.0,0.0,0.0
424,21.200000000000003,21.25,0.0,0.0,0.0,0.0
425,21.25,21.3,0.0,0.0,0.0,0.0
426,21.3,21.35,0.0,0.0,0.0,0.0
427,21.35,21.400000000000002,0.0,0.0,0.0,0.0
428,21.400000000000002,21.450000000000003,0.0,0.0,0.0,0.0
429,21.450000000000003,21.5,0.0,0.0,0.0,0.0
430,21.5,21.55,0.0,0.0,0.0,0.0
431,21.55,21.6,0.0,0.0,0.0,0.0
432,21.6,21.650000000000002,0.0,0.0,0.0,0.0
433,21.650000000000002,21.700000000000003,0.0,0.0,0.0,0.0
434,21.700000000000003,21.75,0.0,0.0,0.0,0.0
435,21.75,21.8,0.0,0.0,0.0,0.0
436,21.8,21.85,0.0,0.0,0.0,0.0
437,21.85,21.900000000000002,0.0,0.0,0.0,0.0
438,21.900000000000002,21.950000000000003,0.0,0.0,0.0,0.0
439,21.950000000000003,22.0,0.0,0.0,0.0,0.0
440,22.0,22.05,0.0,0.0,0.0,0.0
441,22.05,22.1,0.0,0.0,0.0,0.0
442,22.1,22.150000000000002,0.0,0.0,0.0,0.0
443,22.150000000000002,22.200000000000003,0.0,0.0,0.0,0.0
444,22.200000000000003,22.25,0.0,0.0,0.0,0.0
445,22.25,22.3,0.0,0.0,0.0,0.0
446,22.3,22.35,0.0,0.0,0.0,0.0
447,22.35,22.400000000000002,0.0,0.0,0.0,0.0
448,22.400000000000002,22.450000000000003,0.0,0.0,0.0,0.0
449,22.450000000000003,22.5,0.0,0.0,0.0,0.0
450,22.5,22.55,0.0,0.0,0.0,0.0
451,22.55,22.6,0.0,0.0,0.0,0.0
452,22.6,22.650000000000002,0.0,0.0,0.0,0.0
453,22.650000000000002,22.700000000000003,0.0,0.0,0.0,0.0
454,22.700000000000003,22.75,0.0,0.0,0.0,0.0
455,22.75,22.8,0.0,0.0,0.0,0.0
456,22.8,22.85,0.0,0.0,0.0,0.0
457,22.85,22.900000000000002,0.0,0.0,0.0,0.0
458,22.900000000000002,22.950000000000003,0.0,0.0,0.0,0.0
459,22.950000000000003,23.0,0.0,0.0,0.0,0.0
460,23.0,23.05,0.0,0.0,0.0,0.0
461,23.05,23.1,0.0,0.0,0.0,0.0
462,23.1,23.150000000000002,0.0,0.0,0.0,0.0
463,23.150000000000002,23.200000000000003,0.0,0.0,0.0,0.0
464,23.200000000000003,23.25,0.0,0.0,0.0,0.0
465,23.25,23.3,0.0,0.0,0.0,0.0
466,23.3,23.35,0.0,0.0,0.0,0.0
467,23.35,23.400000000000002,0.0,0.0,0.0,0.0
468,23.400000000000002,23.450000000000003,0.0,0.0,0.0,0.0
469,23.450000000000003,23.5,0.0,0.0,0.0,0.0
470,23.5,23.55,0.0,0.0,0.0,0.0
471,23.55,23.6,0.0,0.0,0.0,0.0
472,23.6,23.650000000000002,0.0,0.0,0.0,0.0
473,23.650000000000002,23.700000000000003,0.0,0.0,0.0,0.0
474,23.700000000000003,23.75,0.0,0.0,0.0,0.0
475,23.75,23.8,0.0,0.0,0.0,0.0
476,23.8,23.85,0.0,0.0,0.0,0.0
477,23.85,23.900000000000002,0.0,0.0,0.0,0.0
478,23.900000000000002,23.950000000000003,0.0,0.0,0.0,0.0
479,23.950000000000003,24.0,0.0,0.0,0.0,0.0
480,24.0,24.05,0.0,0.0,0.0,0.0
481,24.05,24.1,0.0,0.0,0.0,0.0
482,24.1,24.150000000000002,0.0,0.0,0.0,0.0
483,24.150000000000002,24.200000000000003,0.0,0.0,0.0,0.0
484,24.200000000000003,24.25,0.0,0.0,0.0,0.0
485,24.25,24.3,0.0,0.0,0.0,0.0
486,24.3,24.35,0.0,0.0,0.0,0.0
487,24.35,24.400000000000002,0.0,0.0,0.0,0.0
488,24.400000000000002,24.450000000000003,0.0,0.0,0.0,0.0
489,24.450000000000003,24.5,0.0,0.0,0.0,0.0
490,24.5,24.55,0.0,0.0,0.0,0.0
491,24.55,24.6,0.0,0.0,0.0,0.0
492,24.6,24.650000000000002,0.0,0.0,0.0,0.0
493,24.650000000000002,24.700000000000003,0.0,0.0,0.0,0.0
494,24.700000000000003,24.75,0.0,0.0,0.0,0.0
495,24.75,24.8,0.0,0.0,0.0,0.0
496,24.8,24.85,0.0,0.0,0.0,0.0
497,24.85,24.900000000000002,0.0,0.0,0.0,0.0
498,24.900000000000002,24.950000000000003,0.0,0.0,0.0,0.0
499,24.950000000000003,25.0,0.0,0.0,0.0,0.0
500,25.0,25.05,0.0,0.0,0.0,0.0
501,25.05,25.1,0.0,0.0,0.0,0.0
502,25.1,25.150000000000002,0.0,0.0,0.0,0.0
503,25.150000000000002,25.200000000000003,0.0,0.0,0.0,0.0
504,25.200000000000003,25.25,0.0,0.0,0.0,0.0
505,25.25,25.3,0.0,0.0,0.0,0.0
506,25.3,25.35,0.0,0.0,0.0,0.0
507,25.35,25.400000000000002,0.0,0.0,0.0,0.0
508,25.400000000000002,25.450000000000003,0.0,0.0,0.0,0.0
509,25.450000000000003,25.5,0.0,0.0,0.0,0.0
510,25.5,25.55,0.0,0.0,0.0,0.0
511,25.55,25.6,0.0,0.0,0.0,0.0
512,25.6,25.650000000000002,0.0,0.0,0.0,0.0
513,25.650000000000002,25.700000000000003,0.0,0.0,0.0,0.0
514,25.700000000000003,25.75,0.0,0.0,0.0,0.0
515,25.75,25.8,0.0,0.0,0.0,0.0
516,25.8,25.85,0.0,0.0,0.0,0.0
517,25.85,25.900000000000002,0.0,0.0,0.0,0.0
518,25.900000000000002,25.950000000000003,0.0,0.0,0.0,0.0
519,25.950000000000003,26.0,0.0,0.0,0.0,0.0
520,26.0,26.05,0.0,0.0,0.0,0.0
521,26.05,26.1,0.0,0.0,0.0,0.0
522,26.1,26.150000000000002,0.0,0.0,0.0,0.0
523,26.150000000000002,26.200000000000003,0.0,0.0,0.0,0.0
524,26.200000000000003,26.25,0.0,0.0,0.0,0.0
525,26.25,26.3,0.0,0.0,0.0,0.0
526,26.3,26.35,0.0,0.0,0.0,0.0
527,26.35,26.400000000000002,0.0,0.0,0.0,0.0
528,26.400000000000002,26.450000000000003,0.0,0.0,0.0,0.0
529,26.450000000000003,26.5,0.0,0.0,0.0,0.0
530,26.5,26.55,0.0,0.0,0.0,0.0
531,26.55,26.6,0.0,0.0,0.0,0.0
532,26.6,26.650000000000002,0.0,0.0,0.0,0.0
533,26.650000000000002,26.700000000000003,0.0,0.0,0.0,0.0
534,26.700000000000003,26.75,0.0,0.0,0.0,0.0
535,26.75,26.8,0.0,0.0,0.0,0.0
536,26.8,26.85,0.0,0.0,0.0,0.0
537,26.85,26.900000000000002,0.0,0.0,0.0,0.0
538,26.900000000000002,26.950000000000003,0.0,0.0,0.0,0.0
539,26.950000000000003,27.0,0.0,0.0,0.0,0.0
540,27.0,27.05,0.0,0.0,0.0,0.0
541,27.05,27.1,0.0,0.0,0.0,0.0
542,27.1,27.150000000000002,0.0,0.0,0.0,0.0
543,27.150000000000002,27.200000000000003,0.0,0.0,0.0,0.0
544,27.200000000000003,27.25,0.0,0.0,0.0,0.0
545,27.25,27.3,0.0,0.0,0.0,0.0
546,27.3,27.35,0.0,0.0,0.0,0.0
547,27.35,27.400000000000002,0.0,0.0,0.0,0.0
548,27.400000000000002,27.450000000000003,0.0,0.0,0.0,0.0
549,27.450000000000003,27.5,0.0,0.0,0.0,0.0
550,27.5,27.55,0.0,0.0,0.0,0.0
551,27.55,27.6,0.0,0.0,0.0,0.0
552,27.6,27.650000000000002,0.0,0.0,0.0,0.0
553,27.650000000000002,27.700000000000003,0.0,0.0,0.0,0.0
554,27.700000000000003,27.75,0.0,0.0,0.0,0.0
555,27.75,27.8,0.0,0.0,0.0,0.0
556,27.8,27.85,0.0,0.0,0.0,0.0
557,27.85,27.900000000000002,0.0,0.0,0.0,0.0
558,27.900000000000002,27.950000000000003,0.0,0.0,0.0,0.0
559,27.950000000000003,28.0,0.0,0.0,0.0,0.0
560,28.0,28.05,0.0,0.0,0.0,0.0
561,28.05,28.1,0.0,0.0,0.0,0.0
562,28.1,28.150000000000002,0.0,0.0,0.0,0.0
563,28.150000000000002,28.200000000000003,0.0,0.0,0.0,0.0
564,28.200000000000003,28.25,0.0,0.0,0.0,0.0
565,28.25,28.3,0.0,0.0,0.0,0.0
566,28.3,28.35,0.0,0.0,0.0,0.0
567,28.35,28.400000000000002,0.0,0.0,0.0,0.0
568,28.400000000000002,28.450000000000003,0.0,0.0,0.0,0.0
569,28.450000000000003,28.5,0.0,0.0,0.0,0.0
570,28.5,28.55,0.0,0.0,0.0,0.0
571,28.55,28.6,0.0,0.0,0.0,0.0
572,28.6,28.650000000000002,0.0,0.0,0.0,0.0
573,28.650000000000002,28.700000000000003,0.0,0.0,0.0,0.0
574,28.700000000000003,28.75,0.0,0.0,0.0,0.0
575,28.75,28.8,0.0,0.0,0.0,0.0
576,28.8,28.85,0.0,0.0,0.0,0.0
577,28.85,28.900000000000002,0.0,0.0,0.0,0.0
578,28.900000000000002,28.950000000000003,0.0,0.0,0.0,0.0
579,28.950000000000003,29.0,0.0,0.0,0.0,0.0
580,29.0,29.05,0.0,0.0,0.0,0.0
581,29.05,29.1,0.0,0.0,0.0,0.0
582,29.1,29.150000000000002,0.0,0.0,0.0,0.0
583,29.150000000000002,29.200000000000003,0.0,0.0,0.0,0.0
584,29.200000000000003,29.25,0.0,0.0,0.0,0.0
585,29.25,29.3,0.0,0.0,0.0,0.0
586,29.3,29.35,0.0,0.0,0.0,0.0
587,29.35,29.400000000000002,0.0,0.0,0.0,0.0
588,29.400000000000002,29.450000000000003,0.0,0.0,0.0,0.0
589,29.450000000000003,29.5,0.0,0.0,0.0,0.0
590,29.5,29.55,0.0,0.0,0.0,0.0
591,29.55,29.6,0.0,0.0,0.0,0.0
592,29.6,29.650000000000002,0.0,0.0,0.0,0.0
593,29.650000000000002,29.700000000000003,0.0,0.0,0.0,0.0
594,29.700000000000003,29.75,0.0,0.0,0.0,0.0
595,29.75,29.8,0.0,0.0,0.0,0.0
596,29.8,29.85,0.0,0.0,0.0,0.0
597,29.85,29.900000000000002,0.0,0.0,0.0,0.0
598,29.900000000000002,29.950000000000003,0.0,0.0,0.0,0.0
599,29.950000000000003,30.0,0.0,0.0,0.0,0.0
